Headline,Publication Date,Link
"Former SSA Chief: “Elon Musk Is the Biggest Fraud, Not Social Security”","May 16, 2025",https://truthout.org/articles/former-ssa-chief-elon-musk-is-the-biggest-fraud-not-social-security/
Trump Admin Wields Foreign Policy Apparatus to Advance Musk’s Business Interests,"May 15, 2025",https://truthout.org/articles/trump-admin-wields-foreign-policy-apparatus-to-advance-musks-business-interests/
Trump’s Censorship Campaign Draws on Decades of Infrastructure Built by Big Tech,"May 14, 2025",https://truthout.org/articles/trumps-censorship-campaign-draws-on-decades-of-infrastructure-built-by-big-tech/
"This Musk Adviser and DOGE Employee May Be Violating Ethics Rules, Experts Say","May 14, 2025",https://truthout.org/articles/this-musk-adviser-and-doge-employee-may-be-violating-ethics-rules-experts-say/
Trump Is Bending the Refugee Program to Fit His White Nationalist Agenda,"May 12, 2025",https://truthout.org/articles/trump-is-bending-the-refugee-program-to-fit-his-white-nationalist-agenda/
Judge Blocks Trump-Musk’s “Unconstitutional Dismantling” of Federal Government,"May 11, 2025",https://truthout.org/articles/judge-blocks-trump-musk-unconstitutional-dismantling-of-federal-government/
Corporate-Led Attack on Free Speech in Texas Meets Bipartisan Resistance,"May 9, 2025",https://truthout.org/articles/corporate-led-attack-on-free-speech-in-texas-meets-bipartisan-resistance/
Trump Officials Pressure Nations to Approve Musk’s Starlink During Tariff Talks,"May 8, 2025",https://truthout.org/articles/trump-officials-pressure-nations-to-approve-musks-starlink-during-tariff-talks/
"Amid Near-Total Asylum Ban, Trump Welcomes White South Africans","May 7, 2025",https://truthout.org/articles/amid-near-total-asylum-ban-trump-welcomes-white-south-africans/
Living Holders of Millions of Social Security Numbers Have Been Marked as Dead,"May 7, 2025",https://truthout.org/articles/living-holders-of-millions-of-social-security-numbers-have-been-marked-as-dead/
Alliance Between Far Right and Silicon Valley Gives Rise to “End Times Fascism”,"May 5, 2025",https://truthout.org/video/alliance-between-far-right-and-silicon-valley-gives-rise-to-end-times-fascism/
Trump and Musk Are Trying to Dismantle Social Security From the Inside,"May 5, 2025",https://truthout.org/articles/trump-and-musk-are-trying-to-dismantle-social-security-from-the-inside/
Trump’s Border Czar Threatens Governor With Arrest Over Routine Legal Guidance,"May 3, 2025",https://truthout.org/articles/trumps-border-czar-threatens-governor-with-arrest-over-routine-legal-guidance/
Tesla Takedown Protesters Are Hitting Musk Where It Hurts: His Bottom Line,"May 2, 2025",https://truthout.org/articles/tesla-takedown-protesters-are-hitting-musk-where-it-hurts-his-bottom-line/
Is the DOGE Playbook Going Global?,"April 30, 2025",https://truthout.org/video/is-the-doge-playbook-going-global/
Report: 2 DOGE Staffers Have Access to Network Holding US Nuclear Secrets,"April 29, 2025",https://truthout.org/articles/report-2-doge-staffers-have-access-to-network-holding-us-nuclear-secrets/
Musk Aims to Expand Polluting Data Center Near Historically Black Neighborhoods,"April 25, 2025",https://truthout.org/video/musk-aims-to-expand-polluting-data-center-near-historically-black-neighborhoods/
"By Refusing to Surrender Our Humanity, We Are Still Able to Fight Back","April 23, 2025",https://truthout.org/articles/by-refusing-to-surrender-our-humanity-we-are-still-able-to-fight-back/
Labor Department Employees Threatened With Criminal Charges for Speaking Out,"April 23, 2025",https://truthout.org/articles/labor-department-employees-threatened-with-criminal-charges-for-speaking-out/
Earth Day Sees Mobilized Resistance to Trump’s Planet-Destroying Policies,"April 22, 2025",https://truthout.org/articles/earth-day-sees-mobilized-resistance-to-trumps-planet-destroying-policies/
Critics Slam Trump’s Plan to Fill Federal Government With “Political Cronies”,"April 20, 2025",https://truthout.org/articles/critics-slam-trumps-plan-to-fill-federal-government-with-political-cronies/
Over a Quarter Million People Have Attended Sanders-AOC Rallies,"April 17, 2025",https://truthout.org/articles/over-a-quarter-million-people-have-attended-sanders-aoc-rallies/
Whistleblower Who Exposed DOGE Raid of NLRB Data Finds Threats Taped to His Door,"April 15, 2025",https://truthout.org/articles/whistleblower-who-exposed-doge-raid-of-nlrb-data-finds-threats-taped-to-his-door/
Another DC Plane Collision Puts Trump and Musk’s FAA Cuts in the Spotlight,"April 11, 2025",https://truthout.org/articles/another-dc-plane-collision-puts-trump-and-musks-faa-cuts-in-the-spotlight/
Reports: Federal Workers Fear DOGE May Be Spying on Them With AI Technology,"April 10, 2025",https://truthout.org/articles/reports-federal-workers-fear-doge-may-be-spying-on-them-with-ai-technology/
"Trump Administration’s Food Aid Cuts “a Death Sentence for Millions,” WFP Says","April 8, 2025",https://truthout.org/articles/trump-administrations-food-aid-cuts-a-death-sentence-for-millions-wfp-says/
Protesters Demand End to Trump-Musk Power Grab in Nationwide “Hands Off” Marches,"April 6, 2025",https://truthout.org/articles/protesters-demand-end-to-trump-musk-power-grab-in-nationwide-hands-off-marches/
AI Isn’t Going to Cut Government Bureaucracy — It’s Going to Vastly Worsen It,"April 5, 2025",https://truthout.org/articles/ai-isnt-going-to-cut-government-bureaucracy-its-going-to-vastly-worsen-it/
"Sanders: 67,000 Will Die Waiting for Social Security Benefits Under Musk Plan","April 4, 2025",https://truthout.org/articles/sanders-67000-will-die-waiting-for-social-security-benefits-due-to-musk-cuts/
Trump Dumping Musk Is Not Enough to Stop the Wreckage of the Federal Government,"April 3, 2025",https://truthout.org/articles/trump-dumping-musk-is-not-enough-to-stop-the-wreckage-of-the-federal-government/
Elon Musk May Be Pushed Out of Trump Admin After Humiliating Wisconsin Loss,"April 2, 2025",https://truthout.org/articles/elon-musk-may-be-pushed-out-of-trump-admin-after-humiliating-wisconsin-loss/
"Musk’s Money Didn’t Win Wisconsin Supreme Court Election, Says John Nichols","April 2, 2025",https://truthout.org/video/musks-money-didnt-win-wisconsin-supreme-court-election-says-john-nichols/
New Forms of Resistance Are Springing Up Under the Trump-Musk Regime,"April 1, 2025",https://truthout.org/articles/new-forms-of-resistance-are-springing-up-under-the-trump-musk-regime/
Biden’s Rural Broadband Program May Become Casualty of Trump’s Anti-DEI Campaign,"March 31, 2025",https://truthout.org/articles/bidens-rural-broadband-program-may-become-casualty-of-trumps-anti-dei-campaign/
Thousands Protest Outside Tesla Dealerships During Global Day of Action,"March 30, 2025",https://truthout.org/articles/thousands-protest-outside-tesla-dealerships-during-global-day-of-action/
Investors From China Are Secretly Buying Stakes in Elon Musk’s SpaceX,"March 30, 2025",https://truthout.org/articles/investors-from-china-are-secretly-buying-stakes-in-elon-musks-spacex/
Wisconsin Court Race Is Most Expensive Ever. Where Is the Money Coming From?,"March 30, 2025",https://truthout.org/articles/wisconsin-court-race-is-most-expensive-ever-where-is-the-money-coming-from/
Wisconsin Election for Judge Breaks National Record for Spending on a Court Race,"March 28, 2025",https://truthout.org/articles/wisconsin-election-for-judge-breaks-national-record-for-spending-in-a-court-race/
Movement in Opposition to “DOGE” Plans Day of Protests Outside Tesla Showrooms,"March 28, 2025",https://truthout.org/articles/movement-in-opposition-to-doge-plans-day-of-protests-outside-tesla-showrooms/
Musk Offers Voters $100 Each to Support Republican in Wisconsin Judicial Race,"March 27, 2025",https://truthout.org/video/musk-offers-voters-100-each-to-support-republican-in-wisconsin-judicial-race/
House Republicans Advance Bill Backing Trump- and Musk-Led Destruction,"March 26, 2025",https://truthout.org/articles/house-republicans-advance-bill-backing-trump-and-musk-led-destruction/
Drastic DOGE-Backed Changes Put Social Security Benefits for Millions at Risk,"March 26, 2025",https://truthout.org/video/drastic-doge-backed-changes-put-social-security-benefits-for-millions-at-risk/
Musk Pours Millions Into Wisconsin Court Race to Protect Rigged Maps for GOP,"March 26, 2025",https://truthout.org/articles/musk-pours-millions-into-wisconsin-court-race-to-protect-rigged-maps-for-gop/
USPS’s Louis DeJoy Resigns as Banks “Salivate” Over Musk Goal of Privatization,"March 25, 2025",https://truthout.org/articles/uspss-louis-dejoy-resigns-as-banks-salivate-over-musk-goal-of-privatization/
Commerce Sec Says Only “Fraudsters” Would Miss Delayed Social Security Check,"March 24, 2025",https://truthout.org/articles/commerce-sec-says-only-fraudsters-would-miss-delayed-social-security-check/
Trump Threatens 20-Year Sentences for Tesla Saboteurs,"March 24, 2025",https://truthout.org/articles/trump-threatens-20-year-sentences-for-tesla-saboteurs/
Elon Musk Donates to GOP Lawmakers After They Back His Calls to Impeach Judges,"March 21, 2025",https://truthout.org/articles/elon-musk-donates-to-gop-lawmakers-after-they-back-his-calls-to-impeach-judges/
Millions Will Face Benefit Delays as Social Security Ends Phone Verification,"March 19, 2025",https://truthout.org/articles/millions-will-face-benefit-delays-as-social-security-ends-phone-verification/
"Millions Could Die Within a Year Due to Musk-Led Foreign Aid Cuts, Report Finds","March 17, 2025",https://truthout.org/articles/aid-cuts-could-kill-millions-in-next-year-report-finds-as-musk-claims-no-deaths/
Calls Grow for Probe as Reports Say Musk’s Starlink Will Do Business With FAA,"March 17, 2025",https://truthout.org/articles/calls-grow-for-probe-as-reports-say-musks-starlink-will-do-business-with-faa/
Progressives Say Chuck Schumer Has Voted to “Surrender” to Trump and Musk,"March 17, 2025",https://truthout.org/video/progressives-say-chuck-schumer-has-voted-to-surrender-to-trump-and-musk/
Will Dems Draw a Line? Budget Capitulation Raises Questions Over Fights to Come.,"March 16, 2025",https://truthout.org/articles/will-dems-draw-a-line-budget-capitulation-raises-questions-over-fights-to-come/
Meta’s Assault on DEI Plays Right Into the Project 2025 Handbook,"March 16, 2025",https://truthout.org/articles/metas-assault-on-dei-plays-right-into-the-project-2025-handbook/
"As DOGE Mauls Social Security, Profit-Hungry Private Equity Is Swooping In","March 16, 2025",https://truthout.org/articles/as-doge-mauls-social-security-profit-hungry-private-equity-is-swooping-in/
Postmaster General Louis DeJoy Teams Up With DOGE to Gut USPS,"March 15, 2025",https://truthout.org/articles/postmaster-general-louis-dejoy-teams-up-with-doge-to-gut-usps/
Judge Orders Thousands of Fired Federal Employees to Be Reinstated Immediately,"March 13, 2025",https://truthout.org/articles/judge-orders-thousands-of-fired-federal-employees-to-be-reinstated-immediately/
No Deal Yet Between Democrats and GOP as Government Funding Deadline Approaches,"March 13, 2025",https://truthout.org/articles/no-deal-yet-between-democrats-and-gop-as-government-funding-deadline-approaches/
"DOGE’s Cuts to HUD Will Make It Harder to Afford Housing, Exit Homelessness","March 13, 2025",https://truthout.org/articles/doges-cuts-to-hud-will-make-it-harder-to-afford-housing-exit-homelessness/
Imagining Change Is a Crucial Step to Achieving It Under the Trump-Musk Regime,"March 13, 2025",https://truthout.org/articles/imagining-change-is-a-crucial-step-to-achieving-it-under-the-trump-musk-regime/
"As Dems Mull Continuing Resolution, Sources Say Elon Musk Wants a Shutdown","March 12, 2025",https://truthout.org/articles/as-dems-mull-continuing-resolution-sources-say-elon-musk-wants-a-shutdown/
Trump Says Tesla Dealership Attacks Should Be Called Domestic Terrorism,"March 11, 2025",https://truthout.org/articles/trump-says-tesla-dealership-attacks-should-be-called-domestic-terrorism/
"Musk Suggests Billions in Cuts to Social Security, Medicaid and Medicare","March 11, 2025",https://truthout.org/articles/musk-suggests-billions-in-cuts-to-social-security-medicaid-and-medicare/
Musk Lawsuit Seeks to Gut Safeguards Against Executive Conflicts of Interest,"March 11, 2025",https://truthout.org/articles/musk-lawsuit-seeks-to-gut-safeguards-against-executive-conflicts-of-interest/
Trump’s Cuts to USAID May Wipe Out Nearly a Tenth of Global Climate Finance,"March 10, 2025",https://truthout.org/articles/trumps-cuts-to-usaid-may-wipe-out-nearly-a-tenth-of-global-climate-finance/
Nearly 3 Million Rural Americans Can’t Access Health Care and Reliable Internet,"March 10, 2025",https://truthout.org/articles/nearly-3-million-rural-americans-cant-access-health-care-and-reliable-internet/
Women’s Day Marches Flood the Streets to Oppose Trump and Project 2025,"March 9, 2025",https://truthout.org/articles/womens-day-marches-flood-the-streets-to-oppose-trump-and-project-2025/
The US Is Undergoing a Corporate Coup. Sudan Shows How Dangerous It Can Become.,"March 9, 2025",https://truthout.org/articles/the-us-is-undergoing-a-corporate-coup-sudan-shows-how-dangerous-it-can-become/
Elon Musk Is Leading a Far Right Anti-Empathy Revolution,"March 8, 2025",https://truthout.org/articles/elon-musk-is-leading-a-far-right-anti-empathy-revolution/
"Hoping for DOGE Transparency, The Intercept Publishes Musk’s Government Email","March 7, 2025",https://truthout.org/articles/hoping-for-doge-transparency-the-intercept-publishes-musks-government-email/
Musk Funds Group Behind Deceptive Ads in Critical Wisconsin Supreme Court Race,"March 6, 2025",https://truthout.org/articles/musk-funds-group-behind-deceptive-ads-in-critical-wisconsin-supreme-court-race/
Sanders Calls Out Trump’s “Outrageous Lie” on Social Security in Scathing Speech,"March 5, 2025",https://truthout.org/articles/sanders-calls-out-trumps-outrageous-lie-on-social-security-in-scathing-speech/
"Trump’s Speech Vowed a New “Golden Age,” But His Policies Drive Us Into the Dust","March 5, 2025",https://truthout.org/articles/trumps-speech-vowed-a-new-golden-age-but-his-policies-drive-us-into-the-dust/
Sanders: 1 Percent Has Sapped $79T in Wealth From Bottom 90 Percent Since 1975,"March 5, 2025",https://truthout.org/articles/sanders-1-percent-has-sapped-79t-in-wealth-from-bottom-90-percent-since-1975/
"Elon Musk Spreads Falsehoods About Social Security, Calling It a “Ponzi Scheme”","March 3, 2025",https://truthout.org/articles/elon-musk-spreads-falsehoods-about-social-security-calling-it-a-ponzi-scheme/
Mike Johnson Claims Angry Voters Confronting GOP at Town Halls Are “Paid Actors”,"February 28, 2025",https://truthout.org/articles/mike-johnson-claims-angry-voters-confronting-gop-at-town-halls-are-paid-actors/
Trump’s CFPB Drops Cases Against Companies Accused of Cheating Consumers,"February 28, 2025",https://truthout.org/articles/trumps-cfpb-drops-cases-against-companies-accused-of-cheating-consumers/
Sanders: Trump Cabinet Picks Are Nearly Irrelevant With Musk in Charge,"February 27, 2025",https://truthout.org/articles/sanders-trump-cabinet-picks-are-nearly-irrelevant-with-musk-in-charge/
AOC: Pharma Reforms Had Almost Unanimous House Support — Until Elon Musk Tweeted,"February 27, 2025",https://truthout.org/articles/aoc-pharma-reforms-had-almost-unanimous-house-support-until-elon-musk-tweeted/
Nearly 6 in 10 Voters Concerned Musk Is Using DOGE for His Own Financial Benefit,"February 27, 2025",https://truthout.org/articles/nearly-6-in-10-voters-concerned-musk-is-using-doge-for-his-own-financial-benefit/
Report: Acting Leader of Social Security Administration Moves to Demolish It,"February 27, 2025",https://truthout.org/articles/report-acting-leader-of-social-security-administration-moves-to-demolish-it/
Trump Team’s Plan to “Make America Great Again” Is to Eviscerate Public Safety,"February 26, 2025",https://truthout.org/articles/trump-teams-plan-to-make-america-great-again-is-to-eviscerate-public-safety/
"Staffers Resign En Masse From DOGE, Refusing to Help Musk “Dismantle” Services","February 25, 2025",https://truthout.org/articles/staffers-resign-en-masse-from-doge-refusing-to-help-musk-dismantle-services/
Elon Musk Calls for Impeachment of Judges Who Oppose Trump Policies,"February 25, 2025",https://truthout.org/articles/elon-musk-calls-for-impeachment-of-judges-who-oppose-trump-policies/
Analysis Shows Nearly 4 in 10 Contracts Ended by DOGE Net No Real Savings,"February 25, 2025",https://truthout.org/articles/analysis-shows-nearly-4-in-10-contracts-ended-by-doge-net-no-real-savings/
VA Employee: Musk’s Goal Is to Pave Way for Privatization of Public Services,"February 25, 2025",https://truthout.org/video/va-employee-musks-goal-is-to-pave-way-for-privatization-of-public-services/
"Musk Waves Chainsaw, Bannon Gives Fascist-Style Salute During CPAC","February 24, 2025",https://truthout.org/articles/musk-waves-chainsaw-bannon-appears-to-do-nazi-salute-during-cpac/
Federal Workers Are Rallying the Labor Movement to Fight Musk’s Takeover,"February 20, 2025",https://truthout.org/articles/federal-workers-are-rallying-the-labor-movement-to-fight-musks-takeover/
Musk’s Coup at the Treasury Has Been Ruled Illegal. Will That Stop Him?,"February 20, 2025",https://truthout.org/articles/musks-coup-at-the-treasury-has-been-ruled-illegal-will-that-stop-him/
J.D. Vance Met With German Neo-Nazi Party Leader Alice Weidel,"February 19, 2025",https://truthout.org/articles/j-d-vance-met-with-german-neo-nazi-party-leader-alice-weidel/
Acting Social Security Commissioner Resigns Amid Pressure From “DOGE”,"February 18, 2025",https://truthout.org/articles/acting-social-security-commissioner-resigns-amid-pressure-from-doge/
Washington Post Refuses to Run Ad Demanding Donald Trump Fire Elon Musk,"February 17, 2025",https://truthout.org/articles/washington-post-refuses-to-run-ad-demanding-donald-trump-fire-elon-musk/
"Trump Openly Suggests on Social Media He’s Above the Law, Raising Alarm","February 16, 2025",https://truthout.org/articles/trump-openly-suggests-on-social-media-hes-above-the-law-raising-alarm/
Donald Trump Has Launched a War Against the Working Class,"February 16, 2025",https://truthout.org/articles/donald-trump-has-launched-a-war-against-the-working-class/
Dept. of Education Halts Thousands of Civil Rights Investigations Under Trump,"February 15, 2025",https://truthout.org/articles/dept-of-education-halts-thousands-of-civil-rights-investigations-under-trump/
We Are About to Learn What a Post-Truth Approach to Public Health Feels Like,"February 15, 2025",https://truthout.org/articles/we-are-about-to-learn-what-a-post-truth-approach-to-public-health-feels-like/
“DOGE” Government Website Was Temporarily Alterable by Pretty Much Anyone,"February 14, 2025",https://truthout.org/articles/doge-government-website-was-temporarily-alterable-by-pretty-much-anyone/
"Jayapal Unveils Bill to End “Citizens United,” Slamming “Shadow President” Musk","February 13, 2025",https://truthout.org/articles/jayapal-unveils-bill-to-end-citizens-united-slamming-shadow-president-musk/
German Political Leader Promises Inquiry Into Musk’s Interference in Elections,"February 13, 2025",https://truthout.org/articles/german-political-leader-promises-inquiry-into-musks-interference-in-elections/
"By Refusing to Obey Court Orders, Trump Is Provoking a Constitutional Crisis","February 13, 2025",https://truthout.org/articles/by-refusing-to-obey-court-orders-trump-is-provoking-a-constitutional-crisis/
How Is the Trump Family Profiting From the New Cryptocurrency Memecoin?,"February 13, 2025",https://truthout.org/video/how-is-the-trump-family-profiting-from-the-new-cryptocurrency-memecoin/
"GOP Proposes $4.5T Tax Giveaway to Rich While Slashing Food Stamps, Medicaid","February 13, 2025",https://truthout.org/articles/gop-proposes-4-5t-tax-giveaway-to-rich-while-slashing-food-stamps-medicaid/
DOGE’s Illegal Takeover Pulls From Fascist Playbooks,"February 12, 2025",https://truthout.org/articles/doges-illegal-takeover-pulls-from-fascist-playbooks/
White House Revoked Access to AP for Refusing to Comply With Censorship,"February 12, 2025",https://truthout.org/articles/white-house-revoked-access-to-ap-for-refusing-to-comply-with-censorship/
Omar Slams Musk for Slashing Cancer Funding While Keeping SpaceX Contracts,"February 12, 2025",https://truthout.org/articles/omar-slams-musk-for-slashing-cancer-funding-while-keeping-spacex-contracts/
A Third DOGE Staffer’s Racist and Misogynistic Online Footprint Comes to Light,"February 12, 2025",https://truthout.org/articles/a-third-doge-staffers-racist-and-misogynistic-online-footprint-comes-to-light/
Agency Tasked With Regulating Commercial Space Flight Braces for Musk’s DOGE,"February 11, 2025",https://truthout.org/articles/agency-tasked-with-regulating-commercial-space-flight-braces-for-musks-doge/
Judge Rules Trump Officials Are Defying Order to Reverse Funding Freeze,"February 10, 2025",https://truthout.org/articles/judge-rules-trump-officials-are-defying-order-to-reverse-funding-freeze/
Trump Cuts Off South Africa Aid in Push to Further Interests of White Landowners,"February 10, 2025",https://truthout.org/video/trump-cuts-off-aid-to-south-africa-to-maintain-status-quo-for-white-landowners/
Elon Musk Reinstates DOGE Member Who Resigned Over Racist Posts,"February 10, 2025",https://truthout.org/articles/elon-musk-reinstates-doge-member-who-resigned-over-racist-posts/
Russell Vought Orders Consumer Financial Protection Bureau to Stop Work,"February 9, 2025",https://truthout.org/articles/russell-vought-orders-consumer-financial-protection-bureau-to-stop-work/
Federal Judge Temporarily Blocks Musk’s DOGE Team From Treasury Payment System,"February 8, 2025",https://truthout.org/articles/federal-judge-temporarily-blocks-musks-doge-team-from-treasury-payment-system/
"DOGE Ransacks NOAA, Raising Fears About Privatization of Climate Data","February 8, 2025",https://truthout.org/articles/doge-ransacks-noaa-raising-fears-about-privatization-of-climate-data/
DOGE Member Resigns Over Social Media Posts Promoting Racism and Eugenics,"February 7, 2025",https://truthout.org/articles/doge-member-resigns-over-social-media-posts-promoting-racism-and-eugenics/
Major Unions Sue DOGE to Block Musk Labor Department “Power Grab”,"February 6, 2025",https://truthout.org/articles/major-unions-sue-doge-to-block-musk-labor-department-power-grab/
Trump’s Move to Abolish Ed Dept. Is Part of Broader Attack on Public Schools,"February 6, 2025",https://truthout.org/video/trumps-move-to-abolish-ed-dept-is-part-of-broader-attack-on-public-schools/
"Democrats Attempt to Oppose Musk and Trump Through Bills, Subpoenas, Filibusters","February 6, 2025",https://truthout.org/articles/democrats-attempt-to-oppose-musk-and-trump-through-bills-subpoenas-filibusters/
Senate Dems Hold Floor Overnight to Protest Russell Vought’s Nomination to OMB,"February 6, 2025",https://truthout.org/articles/senate-dems-hold-floor-overnight-to-protest-russell-voughts-nomination-to-omb/
Musk’s “Special Employee” Status Means He Needs to Avoid Conflicts of Interest,"February 4, 2025",https://truthout.org/articles/musks-special-employee-status-means-he-needs-to-avoid-conflicts-of-interest/
The Department of Education Is Reportedly the Next Target of Musk’s Team,"February 4, 2025",https://truthout.org/articles/the-department-of-education-is-reportedly-the-next-target-of-musks-team/
Unions Sue to Halt Musk Team’s Access to Critical Treasury Payment System,"February 4, 2025",https://truthout.org/articles/unions-sue-to-halt-musk-teams-access-to-critical-treasury-payment-system/
Experts Say a Coup Is Underway as Musk Seizes Control of Government Agencies,"February 3, 2025",https://truthout.org/video/experts-say-a-coup-is-underway-as-musk-seizes-control-of-government-agencies/
Trump and Musk Threaten Shutdown of USAID in What Observers Call “Textbook Coup”,"February 3, 2025",https://truthout.org/articles/trump-and-musk-threaten-shutdown-of-usaid-in-what-observers-call-textbook-coup/
Musk’s DOGE Accused of Seizing Sole Control of Essential Federal Databases,"February 1, 2025",https://truthout.org/articles/musks-doge-accused-of-seizing-sole-control-of-essential-federal-databases/
Top Official Exits Treasury Amid Clash With Musk’s Allies Over Federal Payments,"January 31, 2025",https://truthout.org/articles/top-official-exits-treasury-amid-clash-with-musks-allies-over-federal-payments/
"Trump and Musk’s Agenda Is a True Threat to Aviation Safety, Progressives Warn","January 31, 2025",https://truthout.org/articles/trump-and-musks-agenda-is-a-true-threat-to-aviation-safety-progressives-warn/
"Tesla Paid Zero Federal Income Tax in 2024, Despite $2.3 Billion in Income","January 30, 2025",https://truthout.org/articles/tesla-paid-zero-federal-income-tax-in-2024-despite-2-3-billion-in-income/
“Musk Lackeys” Now Reportedly Control Agency Tasked With Federal HR,"January 29, 2025",https://truthout.org/articles/musk-lackeys-now-reportedly-control-agency-tasked-with-federal-hr/
Musk Addresses German Far Right Party Days After Being Accused of “Nazi Salute”,"January 26, 2025",https://truthout.org/articles/musk-addresses-german-far-right-party-days-after-being-accused-of-nazi-salute/
Israel’s Netanyahu Says Musk “Unfairly Smeared” for Salute Embraced by Neo-Nazis,"January 24, 2025",https://truthout.org/articles/israels-netanyahu-says-musk-unfairly-smeared-for-salute-embraced-by-neo-nazis/
Milwaukee Meteorologist Fired for Calling Elon Musk’s Gesture a “Nazi Salute”,"January 23, 2025",https://truthout.org/articles/milwaukee-meteorologist-fired-for-calling-elon-musks-gesture-a-nazi-salute/
Report: Average Net Worth of Trump’s Top 10 Economic Advisers Tops $500 Million,"January 23, 2025",https://truthout.org/articles/report-average-net-worth-of-trumps-top-10-economic-advisers-tops-500-million/
“Citizens United” Allowed 44% of Trump’s Election to Be Funded by 10 Megadonors,"January 22, 2025",https://truthout.org/video/citizens-united-allowed-44-of-trumps-election-to-be-funded-by-10-megadonors/
Trump’s Vision for a “Golden Age of America”: Oligarchy Plus Ultranationalism,"January 22, 2025",https://truthout.org/articles/trumps-vision-for-a-golden-age-of-america-oligarchy-plus-ultranationalism/
Trump Needs Public Cooperation to Enact a Fascist Vision. Here’s How We Refuse.,"January 22, 2025",https://truthout.org/articles/trump-needs-public-cooperation-to-enact-a-fascist-vision-heres-how-we-refuse/
Elon Musk’s Government Efficiency Office Hit With Lawsuit on Inauguration Day,"January 20, 2025",https://truthout.org/articles/elon-musks-government-efficiency-office-hit-with-lawsuit-on-inauguration-day/
Elon Musk’s Foray Into UK Politics Holds a Warning for the US,"January 18, 2025",https://truthout.org/articles/elon-musks-foray-into-uk-politics-holds-a-warning-for-the-us/
"World’s 3 Richest Men — Musk, Bezos, Zuckerberg — Will Attend Trump Inauguration","January 15, 2025",https://truthout.org/articles/worlds-3-richest-men-musk-bezos-zuckerberg-will-attend-trump-inauguration/
"Elon Musk’s Influence Signifies a “New Era” in US Politics, Scholar Says","January 6, 2025",https://truthout.org/video/elon-musks-influence-signifies-a-new-era-in-us-politics-scholar-says/
Trump Has Stuffed His Cabinet With Oligarchs Poised to Govern for Their Profit,"January 4, 2025",https://truthout.org/articles/trump-has-stuffed-his-cabinet-with-oligarchs-poised-to-govern-for-their-profit/
Sanders Calls Out Musk for Billionaire Exploitation of Foreign H-1B Workers,"January 3, 2025",https://truthout.org/articles/sanders-calls-out-musk-for-billionaire-exploitation-of-foreign-h-1b-workers/
Elon Musk to Host X Event Promoting Neo-Nazi AfD Party Ahead of German Elections,"January 3, 2025",https://truthout.org/articles/elon-musk-to-host-x-event-promoting-neo-nazi-afd-party-ahead-of-german-elections/
Elon Musk Op-Ed in German Newspaper Prompts Editor to Resign in Protest,"December 30, 2024",https://truthout.org/articles/elon-musk-op-ed-in-german-newspaper-prompts-editor-to-resign-in-protest/
"With Trump’s Return, Combating Corporate News Disinfo Is More Urgent Than Ever","December 26, 2024",https://truthout.org/articles/with-trumps-return-combating-corporate-news-disinfo-is-more-urgent-than-ever/
Trump’s Debt Ceiling Power Play Is a Prelude to the Congressional Chaos to Come,"December 23, 2024",https://truthout.org/articles/trumps-debt-ceiling-power-play-is-a-prelude-to-the-congressional-chaos-to-come/
Elon Musk’s Threat to Primary Democrats Spurs New Urgency to Ban Super PACs,"December 22, 2024",https://truthout.org/articles/elon-musks-threat-to-primary-democrats-spurs-new-urgency-to-ban-super-pacs/
Congress Averts Government Shutdown After Trump and Musk’s Effort to Sink Deal,"December 21, 2024",https://truthout.org/articles/congress-averts-government-shutdown-after-trump-and-musks-effort-to-sink-deal/
Musk Endorses Neo-Nazi German Party Hours After Sanders Calls Him Authoritarian,"December 20, 2024",https://truthout.org/articles/musk-endorses-neo-nazi-german-party-hours-after-sanders-calls-him-authoritarian/
Government Shutdown Looms After Elon Musk Sinks Bipartisan Budget Deal,"December 20, 2024",https://truthout.org/articles/government-shutdown-looms-after-elon-musk-sinks-bipartisan-budget-deal/
Republicans Consider Making Elon Musk Speaker of the House,"December 19, 2024",https://truthout.org/articles/republicans-consider-making-elon-musk-speaker-of-the-house/
President Elon? GOP Follows Billionaire Musk’s Call to Block Debt Ceiling Bill.,"December 19, 2024",https://truthout.org/articles/president-elon-gop-follows-billionaire-musks-call-to-block-debt-ceiling-bill/
Musk Slammed Trump’s Treasury Pick. But Is Scott Bessent Really That Moderate?,"December 19, 2024",https://truthout.org/articles/musk-slammed-trumps-treasury-pick-but-is-scott-bessent-really-that-moderate/
Trump’s DOGE Team Is Asking Potential Appointees If They Can Abolish the FDIC,"December 16, 2024",https://truthout.org/articles/trumps-doge-team-is-asking-potential-appointees-if-they-can-abolish-the-fdic/
DOGE Heads Musk and Ramaswamy Signal Social Security Cuts Are Coming,"December 9, 2024",https://truthout.org/articles/doge-heads-musk-and-ramaswamy-signal-social-security-cuts-are-coming/
Wealth of the World’s Billionaires Has More Than Doubled Over the Past Decade,"December 7, 2024",https://truthout.org/articles/wealth-of-the-worlds-billionaires-has-more-than-doubled-over-the-past-decade/
Elon Musk Spent Over a Quarter of a Billion Dollars to Help Elect Trump,"December 6, 2024",https://truthout.org/articles/elon-musk-spent-over-a-quarter-of-a-billion-dollars-to-help-elect-trump/
4.3M Consumers Set to Get Checks From Agency Trump and Musk Want to “Delete”,"December 6, 2024",https://truthout.org/articles/4-3m-consumers-set-to-get-checks-from-agency-trump-and-musk-want-to-delete/
AOC Becomes First Bluesky User to Reach 1 Million Followers,"December 5, 2024",https://truthout.org/articles/aoc-becomes-first-bluesky-user-to-reach-1-million-followers/
Elon Musk Targets Consumer Protection Agency for Deletion,"November 29, 2024",https://truthout.org/articles/elon-musk-targets-consumer-protection-agency-for-deletion/
AOC Lampoons Greene’s Plan to Lead “Government Efficiency” Subcommittee,"November 22, 2024",https://truthout.org/articles/aoc-lampoons-greenes-plan-to-lead-government-efficiency-subcommittee/
Musk and Ramaswamy’s Plan “Could Have a Devastating Impact on Americans”,"November 21, 2024",https://truthout.org/articles/musk-and-ramaswamys-plan-could-have-a-devastating-impact-on-americans/
Trump Is Filling His Cabinet With Loyalists Prepared to Gut Federal Agencies,"November 18, 2024",https://truthout.org/articles/trump-is-filling-his-cabinet-with-loyalists-prepared-to-gut-federal-agencies/
Trump Announces Elon Musk Will Lead New Department Created to Gut Regulations,"November 13, 2024",https://truthout.org/articles/trump-announces-elon-musk-will-lead-new-department-created-to-gut-regulations/
"Election 2024 Was an Open Celebration of the Oligarchy, Says David Sirota","November 8, 2024",https://truthout.org/video/election-2024-was-an-open-celebration-of-the-oligarchy-says-david-sirota/
The 10 Richest People’s Wealth Increased by $64 Billion the Day After Trump Win,"November 8, 2024",https://truthout.org/articles/the-10-richest-peoples-wealth-increased-by-64-bil-the-day-after-trump-win/
"Elon Musk Attempts to Delay “Lottery” Scheme Lawsuit, Move It to Federal Court","October 31, 2024",https://truthout.org/articles/elon-musk-attempts-to-delay-lottery-scheme-lawsuit-move-it-to-federal-court/
Philadelphia DA Sues to Block Elon Musk’s “Illegal” $1 Million Lottery to Voters,"October 28, 2024",https://truthout.org/articles/philadelphia-da-sues-to-block-elon-musks-illegal-1-million-lottery-to-voters/
Sanders Warns Trump Is a Fascist Who May Let Musk Control the Presidency,"October 27, 2024",https://truthout.org/articles/sanders-warns-trump-is-a-fascist-who-may-let-musk-control-the-presidency/
How Do We Prepare for Election Day Threats Amid Rising Right-Wing Violence?,"October 25, 2024",https://truthout.org/articles/how-do-we-prepare-for-election-day-threats-amid-rising-right-wing-violence/
Will Justice Department Actually Rein In Elon Musk’s Blatant Vote-Buying Scheme?,"October 24, 2024",https://truthout.org/articles/will-justice-department-actually-rein-in-elon-musks-blatant-vote-buying-scheme/
"Elon Musk’s Petition Award Amounts to “Illegal Vote Buying,” Legal Expert Warns","October 21, 2024",https://truthout.org/articles/elon-musks-petition-award-amounts-to-illegal-vote-buying-legal-expert-warns/
Elon Musk-Linked Dark Money Network Is Behind Fake Pro-Harris Campaign Scheme,"October 20, 2024",https://truthout.org/articles/elon-musk-linked-dark-money-network-is-behind-fake-pro-harris-campaign-scheme/
The Far Right Is Creating Emblematic Narratives for People to Latch Onto,"September 21, 2024",https://truthout.org/articles/the-far-right-is-creating-emblematic-narratives-for-people-to-latch-onto/
J.D. Vance Indicates Elon Musk’s “Efficiency” Cuts Would Include Social Security,"September 18, 2024",https://truthout.org/articles/j-d-vance-indicates-elon-musks-efficiency-cuts-would-include-social-security/
"Defense Contractor Musk “Jokes” Biden, Harris Should Be Assassination Targets","September 16, 2024",https://truthout.org/articles/defense-contractor-musk-jokes-biden-harris-should-be-assassination-targets/
Trump Says Elon Musk Would Become Government Auditor If He’s Elected President,"September 6, 2024",https://truthout.org/articles/trump-says-elon-musk-would-become-government-auditor-if-hes-elected-president/
Brazilian Judge Suspends X After Musk’s Refusal to Block Far Right Accounts,"August 31, 2024",https://truthout.org/articles/brazilian-judge-suspends-x-after-musks-refusal-to-block-far-right-accounts/
These Billionaires Are Donating Big in 2024 Election to Advance Their Interests,"August 18, 2024",https://truthout.org/articles/these-billionaires-are-donating-big-in-2024-election-to-advance-their-interests/
How Elon Musk Stoked the Fire of the UK’s Far Right Anti-Immigrant Riots,"August 16, 2024",https://truthout.org/articles/how-elon-musk-stoked-the-fire-of-the-uks-far-right-anti-immigrant-riots/
"UAW Files Labor Charges Against Trump, Musk Over Effort to “Intimidate Workers”","August 13, 2024",https://truthout.org/articles/uaw-files-labor-charges-against-trump-musk-over-effort-to-intimidate-workers/
“Self Obsessed Rich Guys” — Harris Campaign Pans Musk’s Trump “Interview” on X,"August 13, 2024",https://truthout.org/articles/self-obsessed-rich-guys-harris-campaign-pans-musks-trump-interview-on-x/
Michigan Secretary of State Investigates Elon Musk’s Pro-Trump Super PAC,"August 5, 2024",https://truthout.org/articles/michigan-secretary-of-state-investigates-elon-musks-pro-trump-super-pac/
Elon Musk Shared Fake Video of Kamala Harris. Experts Are Sounding the Alarm.,"July 30, 2024",https://truthout.org/articles/elon-musk-shared-fake-video-of-kamala-harris-experts-are-sounding-the-alarm/
Billionaires Rally to Endorse Trump After Assassination Attempt,"July 15, 2024",https://truthout.org/articles/billionaires-rally-to-endorse-trump-after-assassination-attempt/
“Free Speech Absolutist” Elon Musk Wants to Deport Protesters Who Remove US Flag,"May 3, 2024",https://truthout.org/articles/free-speech-absolutist-elon-musk-wants-to-deport-protesters-who-remove-us-flag/
US Billionaires Have Doubled Their Wealth Since 2017 Trump Tax Overhaul,"April 9, 2024",https://truthout.org/articles/us-billionaires-have-doubled-their-wealth-since-2017-trump-tax-overhaul/
Biden’s So-Called LNG Export Freeze Sacrifices Gulf South Communities — Again,"April 8, 2024",https://truthout.org/articles/bidens-so-called-lng-export-freeze-sacrifices-gulf-south-communities-again/
Report: Trump Asked Musk to Purchase Truth Social Site Last Summer,"March 12, 2024",https://truthout.org/articles/report-trump-asked-musk-to-purchase-truth-social-site-last-summer/
World’s 5 Richest Men Have Added $14M to Their Wealth Every Hour Since 2020,"January 15, 2024",https://truthout.org/articles/in-past-3-years-worlds-5-richest-men-have-doubled-their-wealth-to-870-billion/
US’s Wealthiest Collectively Held $8.5 Trillion in Untaxed Assets in 2022,"January 4, 2024",https://truthout.org/articles/uss-wealthiest-collectively-held-8-5-trillion-in-untaxed-assets-in-2022/
“Free-Speech Absolutist” Musk Is Abetting Modi’s Suppression of Voices in India,"December 16, 2023",https://truthout.org/articles/free-speech-absolutist-musk-is-abetting-modis-suppression-of-voices-in-india/
It’s Time to Break With the ADL as a Source for News and Research on Extremism,"December 15, 2023",https://truthout.org/articles/its-time-to-break-with-the-adl-as-a-source-for-news-and-research-on-extremism/
Musk to Advertisers Who Left “X” Due to Antisemitic Content: “Go F*** Yourself”,"November 30, 2023",https://truthout.org/articles/musk-to-advertisers-who-left-x-due-to-antisemitic-content-go-f-yourself/
Elon Musk’s Backing of Antisemitic Content May Cost “X” Up to $75M in Ad Revenue,"November 27, 2023",https://truthout.org/articles/elon-musks-backing-of-antisemitic-content-may-cost-x-up-to-75m-in-ad-revenue/
Elon Musks’s “X” Sues Media Matters for Its Report on Antisemitic Content,"November 21, 2023",https://truthout.org/articles/elon-muskss-x-sues-media-matters-for-its-report-on-antisemitic-content/
Report Finds X Failed to Remove 98 Percent of Posts Flagged Hateful,"November 15, 2023",https://truthout.org/articles/report-finds-x-failed-to-remove-98-percent-of-posts-flagged-hateful/
Elon Musk Wants Me Fired. The People of San Francisco Want Him Taxed.,"November 11, 2023",https://truthout.org/articles/elon-musk-wants-me-fired-the-people-of-san-francisco-want-him-taxed/
"In Latest Attack on Journalism, Musk Removes Headlines From Posts on “X”","October 5, 2023",https://truthout.org/articles/in-latest-attack-on-journalism-musk-removes-headlines-from-posts-on-x/
"To Fight Big Tech, We Must Seize the Means of Computation","September 28, 2023",https://truthout.org/audio/to-fight-big-tech-we-must-seize-the-means-of-computation/
Warren Demands Review of Contracts With Musk Amid Actions Against Ukraine,"September 15, 2023",https://truthout.org/articles/warren-demands-review-of-contracts-with-musk-amid-actions-against-ukraine/
Rocket-Launching Billionaires Promise a New Pie in the Sky,"August 17, 2023",https://truthout.org/audio/rocket-launching-billionaires-promise-a-new-pie-in-the-sky/
"AI Won’t Overthrow Us, But It Will Optimize the Capitalist Death Machine","August 3, 2023",https://truthout.org/audio/ai-wont-overthrow-us-but-it-will-optimize-the-capitalist-death-machine/
Twitter Threatens to Nix Advertisers’ Verification If They Don’t Spend More,"July 26, 2023",https://truthout.org/articles/twitter-threatens-to-nix-advertisers-verification-if-they-dont-spend-more/
Bizarre and Dangerous Utopian Ideology Has Quietly Taken Hold of Tech World,"July 20, 2023",https://truthout.org/audio/bizarre-and-dangerous-utopian-ideology-has-quietly-taken-hold-of-tech-world/
"Twitter Refused to Pay Ex-Employees $500 Million in Severance, Lawsuit Says","July 13, 2023",https://truthout.org/articles/twitter-refused-to-pay-ex-employees-500-million-in-severance-lawsuit-says/
World’s Richest Added Average of $14M Per Day to Their Wealth Over Past 6 Months,"July 6, 2023",https://truthout.org/articles/worlds-richest-added-average-of-14m-per-day-to-their-wealth-over-past-6-months/
Twitter’s Ad Sales Have Plummeted 59 Percent in Months Since Musk’s Takeover,"June 5, 2023",https://truthout.org/articles/twitters-ad-sales-have-plummeted-59-percent-in-months-since-musks-takeover/
Ron DeSantis Signs Bill Shielding Elon Musk’s SpaceX From Lawsuits,"May 26, 2023",https://truthout.org/articles/ron-desantis-signs-bill-shielding-elon-musks-spacex-from-lawsuits/
Glitches on Twitter Interrupt Ron DeSantis’s 2024 Presidential Campaign Launch,"May 25, 2023",https://truthout.org/articles/glitches-on-twitter-interrupt-ron-desantiss-2024-presidential-campaign-launch/
"Tucker Carlson Accuses Fox of Fraud, Announces Plan to Bring His Show to Twitter","May 10, 2023",https://truthout.org/articles/tucker-carlson-accuses-fox-of-fraud-announces-plan-to-bring-his-show-to-twitter/
Tesla Plans to Build Huge Factory in Mexican City Struggling With Water Scarcity,"May 2, 2023",https://truthout.org/articles/tesla-plans-to-build-huge-factory-in-mexican-city-struggling-with-water-scarcity/
Musk’s SpaceX Rocket Explodes in Texas as Feds Approve New LNG Projects,"April 21, 2023",https://truthout.org/video/musks-spacex-rocket-explodes-in-texas-as-feds-approve-new-lng-projects/
Elon Musk Calls to “Defund” NPR After It Quits Twitter,"April 13, 2023",https://truthout.org/articles/elon-musk-calls-to-defund-npr-after-it-quits-twitter/
Musk Calls New York Times “Propaganda” as He Removes Its Twitter Verification,"April 3, 2023",https://truthout.org/articles/musk-calls-new-york-times-propaganda-as-he-removes-its-twitter-verification/
Tesla Fired Over 30 Workers in Buffalo the Day After Union Announced Campaign,"February 16, 2023",https://truthout.org/articles/tesla-fired-over-30-workers-in-buffalo-the-day-after-union-announced-campaign/
"Tesla Workers in Buffalo Are Unionizing, With Help From Starbucks Unionists","February 14, 2023",https://truthout.org/articles/tesla-workers-in-buffalo-are-unionizing-with-help-from-starbucks-unionists/
Twitter’s Collapse Is Bad News for Organizers – But Another Commons Is Possible,"January 25, 2023",https://truthout.org/articles/twitters-collapse-is-bad-news-for-organizers-but-another-commons-is-possible/
White Supremacist Nick Fuentes’s Twitter Was Reinstated — Then Banned Again,"January 25, 2023",https://truthout.org/articles/white-supremacist-nick-fuentess-twitter-was-reinstated-then-banned-again/
Texas Tribe Sues Elon Musk to Protect Sacred Sites From SpaceX,"December 23, 2022",https://truthout.org/articles/texas-tribe-sues-elon-musk-to-protect-sacred-sites-from-spacex/
Warren: Musk Is Using Tesla to Prop Up Twitter’s Debts and Failures,"December 19, 2022",https://truthout.org/articles/warren-musk-is-using-tesla-to-prop-up-twitters-debts-and-failures/
Free Speech Watchdogs Condemn Elon Musk for Suspending Journalists From Twitter,"December 16, 2022",https://truthout.org/articles/free-speech-watchdogs-condemn-elon-musk-for-suspending-journalists-from-twitter/
“Lay Off the Proto-Fascism”: AOC Flames Musk for Banning Accounts on Twitter,"December 16, 2022",https://truthout.org/articles/lay-off-the-proto-fascism-aoc-flames-musk-for-banning-accounts-on-twitter/
Musk Pledged $6B to Solve World Hunger But Gave It to His Own Foundation Instead,"December 13, 2022",https://truthout.org/articles/musk-pledged-6b-to-solve-world-hunger-but-gave-it-to-his-own-foundation-instead/
Musk Gives Right Wingers Access to Internal Twitter Systems to Spread Propaganda,"December 9, 2022",https://truthout.org/articles/musk-gives-right-wingers-access-to-internal-twitter-systems-to-spread-propaganda/
"Warren, Sanders Lost Over 100k Twitter Followers Each After Elon Musk Takeover","November 29, 2022",https://truthout.org/articles/warren-sanders-lost-over-100k-twitter-followers-each-after-elon-musk-takeover/
Global Coalition Calls for More Advertisers to Boycott Twitter,"November 29, 2022",https://truthout.org/articles/global-coalition-calls-for-more-advertisers-to-boycott-twitter/
Musk’s “Hardcore” Twitter Ultimatum Backfires Spectacularly as Hundreds Resign,"November 18, 2022",https://truthout.org/articles/musks-hardcore-twitter-ultimatum-backfires-spectacularly-as-hundreds-resign/
Twitter Employees Are Being Fired for Criticizing Musk on Slack,"November 15, 2022",https://truthout.org/articles/twitter-employees-are-being-fired-for-criticizing-musk-on-slack/
“What’s Elon Doing?” Jamaal Bowman Says of Twitter Issues on Election Day,"November 9, 2022",https://truthout.org/articles/whats-elon-doing-jamaal-bowman-says-of-twitter-issues-on-election-day/
Groups Urge Boycott of Twitter If Musk Allows Misinformation to Go Unchecked,"November 7, 2022",https://truthout.org/video/groups-urge-boycott-of-twitter-if-musk-allows-misinformation-to-go-unchecked/
Twitter Suspends Comedian Kathy Griffin After She Mocks Elon Musk,"November 7, 2022",https://truthout.org/articles/twitter-suspends-comedian-kathy-griffin-after-she-mocks-elon-musk/
Employees Sue Twitter After Musk Gives Little Notice for Mass Layoffs,"November 4, 2022",https://truthout.org/articles/employees-sue-twitter-after-musk-gives-little-notice-for-mass-layoffs/
"Elon Musk Hints at Trump’s Return to Twitter, Possibly in “a Few Weeks”","November 4, 2022",https://truthout.org/articles/elon-musk-hints-at-trumps-return-to-twitter-possibly-in-a-few-weeks/
AOC Says Her Twitter Account Hasn’t Worked Properly Since She Criticized Musk,"November 3, 2022",https://truthout.org/articles/aoc-says-her-twitter-account-hasnt-worked-properly-since-she-criticized-musk/
40 Justice and Watchdog Groups Urge Twitter Advertisers to Hold Musk to Account,"November 2, 2022",https://truthout.org/articles/40-justice-and-watchdog-groups-urge-twitter-advertisers-to-hold-musk-to-account/
"After Twitter Takeover, Elon Musk Tweets Far Right Conspiracy on Pelosi Attack","October 31, 2022",https://truthout.org/articles/after-twitter-takeover-elon-musk-tweets-far-right-conspiracy-on-pelosi-attack/
Elon Musk Completes Twitter Takeover With Help From Saudi Prince,"October 29, 2022",https://truthout.org/articles/elon-musk-completes-twitter-takeover-with-help-from-saudi-prince/
"Tesla Violated Workers’ Rights By Banning Pro-Union Shirts, Labor Board Rules","August 30, 2022",https://truthout.org/articles/tesla-violated-workers-rights-by-banning-pro-union-shirts-labor-board-rules/
Billionaires Avoid Taxes on an Epic Scale. Here’s How.,"June 26, 2022",https://truthout.org/articles/billionaires-avoid-taxes-on-an-epic-scale-heres-how/
26 of US’s Richest Billionaires Paid 4.8 Percent Tax Rate in Recent Years,"May 19, 2022",https://truthout.org/articles/26-of-americas-richest-billionaires-paid-4-8-percent-tax-rate-in-recent-years/
"Elon Musk Says He’ll Let Trump Back on Twitter, Calling Ban “Foolish”","May 10, 2022",https://truthout.org/articles/elon-musk-says-hell-let-trump-back-on-twitter-calling-ban-foolish/
"Trump Encouraged Elon Musk to Buy Twitter, Truth Social CEO Devin Nunes Says","May 6, 2022",https://truthout.org/articles/trump-encouraged-elon-musk-to-buy-twitter-truth-social-ceo-devin-nunes-says/
"Musk’s “Dangerous” Twitter Offer Makes the Case for a Wealth Tax, Warren Says","April 29, 2022",https://truthout.org/articles/musks-dangerous-twitter-offer-makes-the-case-for-a-wealth-tax-warren-says/
How Will Elon Musk’s Ownership Affect Twitter?,"April 26, 2022",https://truthout.org/video/how-will-elon-musks-ownership-affect-twitter/
Some GOP Insiders Are Expressing Fear Over Trump’s Possible Return to Twitter,"April 26, 2022",https://truthout.org/articles/democrats-and-republicans-agree-trumps-potential-return-to-twitter-is-no-good/
Musk’s $43B Offer to Buy Twitter Is Nearly Twice His Entire Pre-COVID Net Worth,"April 14, 2022",https://truthout.org/articles/musks-43b-offer-to-buy-twitter-is-nearly-twice-his-entire-pre-covid-net-worth/
Billionaires Would Pay Nearly 100 Times More in Taxes Under New Biden Proposal,"March 27, 2022",https://truthout.org/articles/billionaires-would-pay-nearly-100-times-more-in-taxes-under-new-biden-proposal/
"Billionaires Have Gotten $1.7 Trillion Richer Over the Pandemic, Report Finds","March 14, 2022",https://truthout.org/articles/billionaires-have-gotten-1-7-trillion-richer-over-the-pandemic-report-finds/
"Tesla May Pay $0 in Federal Taxes This Year, According to Its Financial Filings","February 14, 2022",https://truthout.org/articles/tesla-may-pay-0-in-federal-taxes-this-year-according-to-its-financial-filings/
California Sues Tesla Over Alleged Rampant Racism Against Black Employees,"February 11, 2022",https://truthout.org/articles/california-sues-tesla-over-alleged-rampant-racism-against-black-employees/
Elon Musk Brags About Owing Small Fraction of His $280B in Taxes,"December 29, 2021",https://truthout.org/articles/elon-musk-brags-about-owing-small-fraction-of-his-280b-in-taxes/
Elon Musk Opposes Billionaire Tax While Making a Record $36 Billion in One Day,"October 27, 2021",https://truthout.org/articles/elon-musk-opposes-billionaire-tax-while-making-a-record-36-billion-in-one-day/
Top 1 Percent in US Now Have More Wealth Than Entire Middle Class Combined,"October 13, 2021",https://truthout.org/articles/top-1-percent-in-us-now-have-more-wealth-than-entire-middle-class-combined/
7 Wealthiest Americans Have Enough Wealth to Cover a Third of $3.5T Budget Plan,"September 6, 2021",https://truthout.org/articles/7-wealthiest-americans-have-enough-wealth-to-cover-third-of-3-5t-spending-bill/
Sanders Says No Way to $10 Billion Taxpayer Handout to Bezos’ Space Company,"May 26, 2021",https://truthout.org/articles/sanders-says-no-way-to-10-billion-taxpayer-handout-to-bezos-space-company/
Billionaires’ Pandemic Profits Alone Could Pay for Most of Infrastructure Plan,"April 15, 2021",https://truthout.org/articles/billionaires-pandemic-profits-alone-could-pay-for-most-of-infrastructure-plan/
Bernie Sanders Is on a Mission to Tax Billionaire CEOs,"March 19, 2021",https://truthout.org/articles/bernie-sanders-is-on-a-mission-to-tax-billionaire-ceos/
"With Biden’s Backing, Space Force Threatens to Accelerate the Arms Race","February 9, 2021",https://truthout.org/articles/with-bidens-backing-space-force-threatens-to-accelerate-the-arms-race/
The Richest 500 People in the World Added $1.8 Trillion to Their Wealth in 2020,"January 3, 2021",https://truthout.org/articles/the-richest-500-people-in-the-world-added-1-8-trillion-to-their-wealth-in-2020/
New Report Shows Top Billionaires’ Wealth Skyrocketing During Pandemic,"December 11, 2020",https://truthout.org/articles/new-report-shows-top-billionaires-wealth-skyrocketing-during-pandemic/
Billionaires Now Collectively Hold a Record-Breaking $10 Trillion in Wealth,"October 17, 2020",https://truthout.org/articles/billionaires-now-collectively-hold-a-record-breaking-10-trillion-in-wealth/
Elon Musk and Rahm Emanuel’s New Transportation Scheme Is a Privatization Bonanza,"July 29, 2018",https://truthout.org/articles/elon-musk-and-rahm-emanuels-transportation-scheme-is-a-privatization-bonanza/
Bridging the Gap: Why Trump Should Meet With Green Energy CEO Elon Musk for Huge Job Creation,"November 21, 2016",https://truthout.org/articles/bridging-the-gap-why-trump-should-meet-with-green-energy-ceo-elon-musk-for-huge-job-creation/
